,pos_proportion,neg_proportion,tonality,unc_proportion,cons_proportion,lit_proportion,modstrong_proportion,modweak_proportion,fog_index,wordcount,complex_pr,words_ps
0,0.025714285714285714,0.02857142857142857,-0.05263157894736842,0.011428571428571429,0.002857142857142857,0.0,0.0,0.0,17.099204892966362,654.0,0.20948012232415902,21.8
1,0.02643171806167401,0.030837004405286344,-0.07692307692307693,0.0,0.00881057268722467,0.0022026431718061676,0.004405286343612335,0.0,15.428818154433174,866.0,0.197459584295612,18.82608695652174
2,0.020080321285140562,0.004016064257028112,0.6666666666666666,0.006024096385542169,0.004016064257028112,0.0,0.002008032128514056,0.006024096385542169,15.622988242041869,951.0,0.21766561514195584,17.29090909090909
3,0.022535211267605635,0.01267605633802817,0.28,0.0014084507042253522,0.0,0.0,0.0028169014084507044,0.0014084507042253522,17.18077223427332,1383.0,0.24511930585683298,18.44
4,0.028169014084507043,0.018418201516793065,0.20930232558139536,0.004333694474539545,0.004333694474539545,0.0032502708559046588,0.0032502708559046588,0.0032502708559046588,17.665799280640933,1791.0,0.2333891680625349,20.825581395348838
5,0.03506650544135429,0.019347037484885126,0.28888888888888886,0.008464328899637243,0.008464328899637243,0.0,0.0048367593712212815,0.0012091898428053204,17.81524289217311,1528.0,0.2519633507853403,19.341772151898734
6,0.03351206434316354,0.021447721179624665,0.21951219512195122,0.004021447721179625,0.005361930294906166,0.004021447721179625,0.004021447721179625,0.0013404825737265416,18.327093596059115,1450.0,0.25103448275862067,20.714285714285715
7,0.049019607843137254,0.008403361344537815,0.7073170731707317,0.0070028011204481795,0.004201680672268907,0.0,0.0028011204481792717,0.0056022408963585435,18.081848836252984,1351.0,0.23760177646188008,21.444444444444443
8,0.03104575163398693,0.03431372549019608,-0.05,0.004901960784313725,0.006535947712418301,0.0,0.0032679738562091504,0.0016339869281045752,18.90174531351002,1190.0,0.24369747899159663,22.884615384615383
9,0.04633781763826607,0.016442451420029897,0.47619047619047616,0.0029895366218236174,0.004484304932735426,0.0014947683109118087,0.007473841554559043,0.0029895366218236174,18.66615566037736,1325.0,0.259622641509434,20.703125
10,0.05493133583021224,0.0024968789013732834,0.9130434782608695,0.004993757802746567,0.003745318352059925,0.004993757802746567,0.00749063670411985,0.0012484394506866417,18.31515019353432,1547.0,0.27149321266968324,18.63855421686747
11,0.04423076923076923,0.004807692307692308,0.803921568627451,0.0038461538461538464,0.0,0.0057692307692307696,0.0038461538461538464,0.0028846153846153848,17.897250993785345,2022.0,0.25667655786350146,19.07547169811321
12,0.08523409363745499,0.01680672268907563,0.6705882352941176,0.007202881152460984,0.003601440576230492,0.0024009603841536613,0.006002400960384154,0.004801920768307323,19.12096363435043,1621.0,0.270203578038248,20.78205128205128
13,0.050716648291069456,0.019845644983461964,0.4375,0.009922822491730982,0.0011025358324145535,0.004410143329658214,0.002205071664829107,0.005512679162072767,18.96848395890124,1757.0,0.24302788844621515,23.11842105263158
14,0.042787286063569685,0.023227383863080684,0.2962962962962963,0.0012224938875305623,0.003667481662591687,0.004889975550122249,0.008557457212713936,0.0012224938875305623,20.109988366295497,1641.0,0.25411334552102377,24.863636363636363
15,0.07947976878612717,0.004335260115606936,0.896551724137931,0.002890173410404624,0.0,0.002890173410404624,0.0,0.002890173410404624,21.113822182508656,1279.0,0.29945269741985925,22.839285714285715
16,0.085219707057257,0.010652463382157125,0.7777777777777778,0.0013315579227696406,0.002663115845539281,0.002663115845539281,0.0,0.0,22.283620751754047,1361.0,0.29022777369581193,26.686274509803923
17,0.05656934306569343,0.0,1.0,0.0018248175182481751,0.0,0.0,0.0036496350364963502,0.0018248175182481751,21.001920204821847,1090.0,0.27155963302752295,25.348837209302324
18,0.055133079847908745,0.005703422053231939,0.8125,0.005703422053231939,0.0,0.005703422053231939,0.0076045627376425855,0.005703422053231939,18.627087198515767,990.0,0.2636363636363636,20.20408163265306
19,0.07103825136612021,0.00546448087431694,0.8571428571428571,0.00546448087431694,0.0,0.00273224043715847,0.00273224043715847,0.00273224043715847,15.979407268023051,773.0,0.2238033635187581,17.568181818181817
20,0.07196029776674938,0.007444168734491315,0.8125,0.007444168734491315,0.0024813895781637717,0.017369727047146403,0.0,0.004962779156327543,21.666207759699628,752.0,0.3204787234042553,22.11764705882353
21,0.07387862796833773,0.018469656992084433,0.6,0.010554089709762533,0.002638522427440633,0.0079155672823219,0.002638522427440633,0.005277044854881266,22.027524444850588,706.0,0.32294617563739375,22.774193548387096
22,0.07816091954022988,0.011494252873563218,0.7435897435897436,0.006896551724137931,0.0022988505747126436,0.006896551724137931,0.006896551724137931,0.004597701149425287,20.555282555282556,825.0,0.2909090909090909,22.2972972972973
23,0.042606516290726815,0.0,1.0,0.002506265664160401,0.010025062656641603,0.005012531328320802,0.002506265664160401,0.002506265664160401,17.872582743170977,748.0,0.2446524064171123,20.216216216216218
24,0.037527593818984545,0.006622516556291391,0.7,0.002207505518763797,0.002207505518763797,0.004415011037527594,0.002207505518763797,0.002207505518763797,17.57467590847133,841.0,0.2342449464922711,20.51219512195122
25,0.0392156862745098,0.0,1.0,0.0,0.0024509803921568627,0.004901960784313725,0.004901960784313725,0.0,19.334226663638432,777.0,0.2548262548262548,22.852941176470587
26,0.04970178926441352,0.003976143141153081,0.8518518518518519,0.0019880715705765406,0.003976143141153081,0.0,0.0019880715705765406,0.0,17.45923854792861,933.0,0.23365487674169347,20.282608695652176
27,0.029354207436399216,0.007827788649706457,0.5789473684210527,0.0019569471624266144,0.003913894324853229,0.0,0.0019569471624266144,0.0019569471624266144,17.272816095648263,993.0,0.22054380664652568,21.127659574468087
28,0.029556650246305417,0.017241379310344827,0.2631578947368421,0.0024630541871921183,0.0024630541871921183,0.0049261083743842365,0.0049261083743842365,0.0,20.44967458223395,758.0,0.25857519788918204,25.266666666666666
29,0.04521276595744681,0.0026595744680851063,0.8888888888888888,0.0026595744680851063,0.007978723404255319,0.0,0.0026595744680851063,0.0,17.65738751481326,707.0,0.25035360678925034,19.10810810810811
30,0.04142011834319527,0.005917159763313609,0.75,0.005917159763313609,0.005917159763313609,0.008875739644970414,0.0029585798816568047,0.0,18.150817432043336,661.0,0.2405446293494705,21.322580645161292
31,0.06875,0.00875,0.7741935483870968,0.00375,0.005,0.00375,0.00125,0.00125,23.277424447451512,1478.0,0.2740189445196211,30.791666666666668
32,0.059602649006622516,0.007568590350047304,0.7746478873239436,0.005676442762535478,0.006622516556291391,0.003784295175023652,0.000946073793755913,0.004730368968779565,20.187457929627744,1961.0,0.25956144824069355,24.5125
33,0.058767772511848344,0.007582938388625593,0.7714285714285715,0.01042654028436019,0.006635071090047393,0.005687203791469194,0.0009478672985781991,0.005687203791469194,21.863492063492064,2115.0,0.24444444444444444,30.214285714285715
34,0.05980861244019139,0.009569377990430622,0.7241379310344828,0.0023923444976076554,0.014354066985645933,0.01674641148325359,0.004784688995215311,0.0,22.412791107284043,881.0,0.2565266742338252,30.379310344827587
35,0.09726962457337884,0.013651877133105802,0.7538461538461538,0.006825938566552901,0.0017064846416382253,0.005119453924914676,0.0,0.0017064846416382253,20.812063492063494,1125.0,0.25244444444444447,26.785714285714285
36,0.05168986083499006,0.011928429423459244,0.625,0.007952286282306162,0.0,0.003976143141153081,0.005964214711729622,0.005964214711729622,18.37896019306015,1041.0,0.20557156580211336,25.390243902439025
37,0.07196029776674938,0.01240694789081886,0.7058823529411765,0.004962779156327543,0.0,0.0024813895781637717,0.0,0.0,19.74400237089724,818.0,0.24572127139364303,24.78787878787879
38,0.0829145728643216,0.017587939698492462,0.65,0.005025125628140704,0.002512562814070352,0.010050251256281407,0.007537688442211055,0.0,20.912035158891143,816.0,0.24142156862745098,28.137931034482758
39,0.042953020134228186,0.016107382550335572,0.45454545454545453,0.006711409395973154,0.008053691275167786,0.0013422818791946308,0.0,0.0013422818791946308,15.219615517439856,1428.0,0.18487394957983194,19.561643835616437
40,0.037037037037037035,0.01131687242798354,0.5319148936170213,0.00411522633744856,0.0051440329218107,0.00205761316872428,0.006172839506172839,0.0,17.274643473260493,1739.0,0.21449108683151236,21.7375
41,0.06297502714440825,0.003257328990228013,0.9016393442622951,0.002171552660152009,0.003257328990228013,0.013029315960912053,0.008686210640608035,0.0010857763300760044,20.612816432807755,1784.0,0.22757847533632286,28.774193548387096
42,0.01963350785340314,0.010471204188481676,0.30434782608695654,0.009162303664921465,0.0013089005235602095,0.010471204188481676,0.005235602094240838,0.003926701570680628,15.042291208154758,1552.0,0.20167525773195877,17.43820224719101
43,0.01794453507340946,0.0065252854812398045,0.4666666666666667,0.0016313213703099511,0.0032626427406199023,0.0065252854812398045,0.0016313213703099511,0.0016313213703099511,14.060466576001676,1210.0,0.19834710743801653,15.316455696202532
44,0.03389830508474576,0.02465331278890601,0.15789473684210525,0.004622496147919877,0.0061633281972265025,0.0061633281972265025,0.007704160246533128,0.0030816640986132513,15.898680919587486,1269.0,0.21355397951142632,18.391304347826086
45,0.02857142857142857,0.004081632653061225,0.75,0.017687074829931974,0.0027210884353741495,0.004081632653061225,0.005442176870748299,0.005442176870748299,15.383911983458326,1543.0,0.20090732339598186,18.36904761904762
46,0.03099946552645644,0.021378941742383754,0.1836734693877551,0.00427578834847675,0.0074826296098343134,0.002137894174238375,0.002137894174238375,0.0016034206306787815,18.183152342206707,3534.0,0.23231465761177136,22.22641509433962
47,0.031625553447185324,0.008855154965211892,0.5625,0.0056925996204933585,0.004427577482605946,0.0031625553447185324,0.0031625553447185324,0.003795066413662239,16.641067044245457,2981.0,0.23314324052331434,18.288343558282207
48,0.049969530773918344,0.007312614259597806,0.7446808510638298,0.002437538086532602,0.006093845216331505,0.001218769043266301,0.005484460694698354,0.0006093845216331506,17.075593899993926,3052.0,0.22477064220183487,20.211920529801326
49,0.05958549222797927,0.010880829015544042,0.6911764705882353,0.00932642487046632,0.0062176165803108805,0.004145077720207254,0.0025906735751295338,0.0010362694300518134,21.658886060650456,3413.0,0.27483152651626136,26.6640625
50,0.06143344709897611,0.01478953356086462,0.6119402985074627,0.004550625711035267,0.0022753128555176336,0.006825938566552901,0.004550625711035267,0.0011376564277588168,20.889319193091684,1723.0,0.261172373766686,26.106060606060606
51,0.06625258799171843,0.009316770186335404,0.7534246575342466,0.010351966873706004,0.006211180124223602,0.005175983436853002,0.003105590062111801,0.002070393374741201,17.379348806692366,1918.0,0.21897810218978103,21.55056179775281
52,0.046954314720812185,0.027918781725888325,0.2542372881355932,0.0025380710659898475,0.007614213197969543,0.0012690355329949238,0.007614213197969543,0.0012690355329949238,18.762308011623084,1650.0,0.24303030303030304,22.602739726027398
53,0.047075606276747506,0.034236804564907276,0.15789473684210525,0.009985734664764621,0.012838801711840228,0.0028530670470756064,0.0028530670470756064,0.005706134094151213,18.68083768596678,1393.0,0.22684852835606603,24.017241379310345
54,0.0706896551724138,0.011206896551724138,0.7263157894736842,0.0034482758620689655,0.002586206896551724,0.0017241379310344827,0.002586206896551724,0.0017241379310344827,18.860848535681836,2259.0,0.2337317397078353,23.778947368421054
55,0.07045009784735812,0.007827788649706457,0.8,0.005870841487279843,0.0019569471624266144,0.0,0.0019569471624266144,0.003913894324853229,16.613678618857904,1004.0,0.2061752988047809,20.916666666666668
56,0.0960591133004926,0.009852216748768473,0.813953488372093,0.0024630541871921183,0.0,0.0024630541871921183,0.0049261083743842365,0.0024630541871921183,15.87367622899027,772.0,0.20854922279792745,18.829268292682926
57,0.0893371757925072,0.008645533141210375,0.8235294117647058,0.0,0.0,0.0,0.005763688760806916,0.0,18.495530012771393,675.0,0.22962962962962963,23.275862068965516
58,0.06862745098039216,0.0,1.0,0.014705882352941176,0.0,0.0,0.0,0.0,16.45056179775281,445.0,0.18876404494382024,22.25
59,0.0379746835443038,0.0,1.0,0.004219409282700422,0.0,0.0,0.0,0.0,17.124942791762017,483.0,0.17391304347826086,25.42105263157895
60,0.031791907514450865,0.015173410404624277,0.35384615384615387,0.010115606936416185,0.0050578034682080926,0.001445086705202312,0.002167630057803468,0.004335260115606936,18.833894494859372,2669.0,0.24466092169351816,22.61864406779661
61,0.03954154727793696,0.019484240687679084,0.33980582524271846,0.011461318051575931,0.004584527220630372,0.0017191977077363897,0.002292263610315186,0.0028653295128939827,19.424697699500054,3266.0,0.24188609920391918,24.37313432835821
62,0.048694424841213835,0.02117148906139732,0.3939393939393939,0.013408609738884969,0.002117148906139732,0.0014114326040931546,0.002117148906139732,0.004940014114326041,19.00242895724696,2605.0,0.24452975047984646,23.053097345132745
63,0.03777258566978193,0.016355140186915886,0.39568345323741005,0.010903426791277258,0.007398753894080997,0.0011682242990654205,0.0019470404984423676,0.003894080996884735,19.306047913925056,4829.0,0.22302754193414787,25.962365591397848
64,0.05003734129947722,0.012696041822255415,0.5952380952380952,0.009708737864077669,0.00597460791635549,0.0022404779686333084,0.0014936519790888724,0.0014936519790888724,17.477043999230496,2488.0,0.22427652733118972,21.264957264957264
65,0.03984450923226433,0.029154518950437316,0.15492957746478872,0.0184645286686103,0.0009718172983479105,0.003887269193391642,0.0009718172983479105,0.001943634596695821,18.330316077957672,1901.0,0.2235665439242504,23.469135802469136
66,0.05758683729433273,0.03016453382084095,0.3125,0.005484460694698354,0.004570383912248629,0.002742230347349177,0.0009140767824497258,0.0,18.64550734841151,2066.0,0.2313649564375605,23.477272727272727
67,0.06232294617563739,0.026203966005665724,0.408,0.009915014164305949,0.009206798866855524,0.0028328611898017,0.0028328611898017,0.00141643059490085,19.903868853306786,2738.0,0.25529583637691744,24.23008849557522
68,0.05891016200294551,0.011782032400589101,0.6666666666666666,0.004418262150220913,0.005891016200294551,0.004418262150220913,0.0022091310751104565,0.0007363770250368188,21.213259361997228,2472.0,0.2949029126213592,23.542857142857144
69,0.0659025787965616,0.009551098376313277,0.7468354430379747,0.0066857688634192934,0.0038204393505253103,0.012416427889207259,0.0028653295128939827,0.0,19.423297590788792,1929.0,0.28252980819077245,20.305263157894736
70,0.049132947976878616,0.009633911368015413,0.6721311475409836,0.00674373795761079,0.0009633911368015414,0.0,0.0019267822736030828,0.0019267822736030828,19.40065155361837,1894.0,0.28352692713833155,20.148936170212767
71,0.056363636363636366,0.01090909090909091,0.6756756756756757,0.00909090909090909,0.005454545454545455,0.004545454545454545,0.0036363636363636364,0.0009090909090909091,20.71462252201832,1997.0,0.2829243865798698,23.49411764705882
72,0.05426356589147287,0.01808785529715762,0.5,0.002583979328165375,0.0103359173126615,0.0,0.0,0.0,18.485456416752438,743.0,0.24360699865410498,21.852941176470587
73,0.04523809523809524,0.007142857142857143,0.7272727272727273,0.002380952380952381,0.014285714285714285,0.0,0.004761904761904762,0.0,16.2703483521068,799.0,0.24030037546933666,16.645833333333332
74,0.05943331029716655,0.0082930200414651,0.7551020408163265,0.0034554250172771253,0.006910850034554251,0.0,0.002073255010366275,0.00138217000691085,18.94109052735581,2699.0,0.2486105965172286,22.491666666666667
75,0.06524926686217009,0.011730205278592375,0.6952380952380952,0.002932551319648094,0.004398826979472141,0.001466275659824047,0.007331378299120235,0.001466275659824047,20.004143237644275,2480.0,0.2725806451612903,22.75229357798165
76,0.07044830741079597,0.01463860933211345,0.6559139784946236,0.0018298261665141812,0.0036596523330283625,0.0,0.004574565416285453,0.0,19.483128875088102,2083.0,0.26548247719635143,22.159574468085108
77,0.041666666666666664,0.006666666666666667,0.7241379310344828,0.008333333333333333,0.0033333333333333335,0.0,0.005,0.005,20.09660812902486,1217.0,0.21939194741166804,28.302325581395348
78,0.06060606060606061,0.01652892561983471,0.5714285714285714,0.013774104683195593,0.0,0.005509641873278237,0.0,0.0,17.885714285714286,725.0,0.24,20.714285714285715
79,0.03696098562628337,0.018480492813141684,0.3333333333333333,0.008213552361396304,0.006160164271047228,0.002053388090349076,0.0,0.002053388090349076,19.64579716514669,958.0,0.23903966597077245,25.210526315789473
80,0.05580357142857143,0.006696428571428571,0.7857142857142857,0.002232142857142857,0.0,0.002232142857142857,0.004464285714285714,0.0,19.581724137931037,928.0,0.25754310344827586,23.2
81,0.0773067331670823,0.012468827930174564,0.7222222222222222,0.0024937655860349127,0.004987531172069825,0.0,0.007481296758104738,0.0,19.170005473453752,812.0,0.2536945812807882,22.555555555555557
82,0.04767580452920143,0.00834326579261025,0.7021276595744681,0.011918951132300357,0.004767580452920143,0.0011918951132300357,0.00834326579261025,0.003575685339690107,19.52027231204738,1622.0,0.2595561035758323,22.845070422535212
83,0.07816711590296496,0.0,1.0,0.008086253369272238,0.0,0.0,0.005390835579514825,0.0026954177897574125,17.296296296296298,810.0,0.2074074074074074,22.5
84,0.05360134003350084,0.011725293132328308,0.6410256410256411,0.008375209380234505,0.0,0.005025125628140704,0.0033500837520938024,0.0016750418760469012,17.670192457700434,1237.0,0.22473726758286175,21.70175438596491
85,0.060849598163030996,0.006888633754305396,0.7966101694915254,0.006888633754305396,0.004592422502870264,0.002296211251435132,0.006888633754305396,0.0,18.248855491008914,1826.0,0.22508214676889376,23.11392405063291
86,0.06353408338848444,0.01257445400397088,0.6695652173913044,0.00727994705493051,0.0033090668431502318,0.0013236267372600927,0.003970880211780278,0.0026472534745201853,20.610594757416482,3053.0,0.22993776613167377,28.53271028037383
87,0.040345821325648415,0.007204610951008645,0.696969696969697,0.005043227665706052,0.0007204610951008645,0.002161383285302594,0.005763688760806916,0.0036023054755043226,19.758141630107744,2833.0,0.2241440169431698,26.98095238095238
88,0.08818011257035648,0.0075046904315197,0.8431372549019608,0.0,0.0,0.0,0.01125703564727955,0.0,21.77696587537092,1011.0,0.228486646884273,31.59375
89,0.04259259259259259,0.004629629629629629,0.803921568627451,0.011111111111111112,0.006481481481481481,0.006481481481481481,0.012962962962962963,0.004629629629629629,26.438648152999736,2082.0,0.2824207492795389,37.85454545454545
90,0.04411764705882353,0.007352941176470588,0.7142857142857143,0.011029411764705883,0.011029411764705883,0.0,0.003676470588235294,0.007352941176470588,20.06258503401361,539.0,0.24489795918367346,25.666666666666668
91,0.06588235294117648,0.0058823529411764705,0.8360655737704918,0.0058823529411764705,0.00823529411764706,0.001176470588235294,0.0058823529411764705,0.004705882352941176,20.583179419525067,1516.0,0.27770448548812665,23.6875
92,0.04881974248927039,0.0101931330472103,0.6545454545454545,0.002682403433476395,0.0075107296137339056,0.002682403433476395,0.000536480686695279,0.001609442060085837,21.838227814214967,3374.0,0.27385892116182575,27.20967741935484
93,0.04924924924924925,0.01021021021021021,0.6565656565656566,0.0036036036036036037,0.005405405405405406,0.0006006006006006006,0.004204204204204204,0.0018018018018018018,22.03515913399182,3084.0,0.28728923476005186,26.358974358974358
94,0.050975456261799876,0.005663939584644431,0.8,0.0025173064820641915,0.007551919446192574,0.0025173064820641915,0.0025173064820641915,0.0012586532410320957,20.759963915200725,2956.0,0.27266576454668473,24.633333333333333
95,0.04316546762589928,0.011990407673860911,0.5652173913043478,0.002398081534772182,0.002398081534772182,0.0031974420463629096,0.005595523581135092,0.0,21.150210219922382,2319.0,0.2871927554980595,24.15625
96,0.051894563426688634,0.01070840197693575,0.6578947368421053,0.004942339373970346,0.004118616144975288,0.004942339373970346,0.0016474464579901153,0.0016474464579901153,21.756907636963547,2297.0,0.3021332172398781,24.178947368421053
97,0.045765027322404374,0.009562841530054645,0.654320987654321,0.006147540983606557,0.004098360655737705,0.004098360655737705,0.004098360655737705,0.0020491803278688526,22.75709214906705,2777.0,0.28555995678790064,28.336734693877553
98,0.06999255398361877,0.011913626209977662,0.7090909090909091,0.014892032762472078,0.011913626209977662,0.0014892032762472078,0.008935219657483246,0.0029784065524944155,21.41728306662448,2611.0,0.2516277288395251,28.380434782608695
99,0.04149377593360996,0.016597510373443983,0.42857142857142855,0.004149377593360996,0.004149377593360996,0.004149377593360996,0.002074688796680498,0.002074688796680498,19.412502821033627,844.0,0.2843601895734597,20.095238095238095
100,0.03986710963455149,0.006644518272425249,0.7142857142857143,0.0049833887043189366,0.0,0.0049833887043189366,0.008305647840531562,0.0016611295681063123,19.347167385220484,1017.0,0.288102261553589,19.557692307692307
101,0.05042016806722689,0.021848739495798318,0.3953488372093023,0.0067226890756302525,0.005042016806722689,0.0033613445378151263,0.0033613445378151263,0.0,20.811783724158918,1031.0,0.3181377303588749,20.215686274509803
102,0.07008086253369272,0.018867924528301886,0.5757575757575758,0.006738544474393531,0.0,0.0026954177897574125,0.005390835579514825,0.0026954177897574125,21.080178837555888,1342.0,0.30700447093889716,22.0
103,0.07582260371959942,0.011444921316165951,0.7377049180327869,0.005722460658082976,0.005722460658082976,0.0,0.004291845493562232,0.001430615164520744,21.931181844974947,1305.0,0.2973180076628352,25.096153846153847
104,0.07116104868913857,0.02247191011235955,0.52,0.00749063670411985,0.003745318352059925,0.0056179775280898875,0.0018726591760299626,0.0018726591760299626,20.534096392302082,914.0,0.2789934354485777,23.435897435897434
105,0.054901960784313725,0.025490196078431372,0.36585365853658536,0.013725490196078431,0.00784313725490196,0.00392156862745098,0.00392156862745098,0.00392156862745098,20.349912192006812,874.0,0.30549199084668194,20.325581395348838
106,0.04743833017077799,0.017077798861480076,0.47058823529411764,0.0,0.0018975332068311196,0.0056925996204933585,0.0018975332068311196,0.0,20.666740233943944,985.0,0.30253807106598984,21.41304347826087
107,0.07575757575757576,0.016098484848484848,0.6494845360824743,0.000946969696969697,0.008522727272727272,0.0,0.004734848484848485,0.000946969696969697,20.743589743589748,1965.0,0.26666666666666666,25.192307692307693
108,0.04245283018867924,0.01061320754716981,0.6,0.00589622641509434,0.0011792452830188679,0.0,0.003537735849056604,0.0023584905660377358,20.929852719033235,1655.0,0.2646525679758308,25.859375
109,0.03896103896103896,0.014985014985014986,0.4444444444444444,0.007992007992007992,0.000999000999000999,0.003996003996003996,0.002997002997002997,0.006993006993006993,19.170167427701674,1971.0,0.2359208523592085,24.333333333333332
110,0.046181172291296625,0.017761989342806393,0.4444444444444444,0.0053285968028419185,0.008880994671403197,0.0,0.0017761989342806395,0.0,20.141803600912024,1106.0,0.2631103074141049,24.043478260869566
111,0.057649667405764965,0.008869179600886918,0.7333333333333333,0.0011086474501108647,0.0022172949002217295,0.0011086474501108647,0.0033259423503325942,0.0,19.34594724886237,1733.0,0.2642815926139642,21.936708860759495
112,0.05386740331491713,0.012430939226519336,0.625,0.006906077348066298,0.004143646408839779,0.0013812154696132596,0.004143646408839779,0.004143646408839779,18.878522194651225,1395.0,0.25734767025089605,21.46153846153846
113,0.06190476190476191,0.014285714285714285,0.625,0.008333333333333333,0.0035714285714285713,0.0,0.005952380952380952,0.0035714285714285713,18.29253804614629,1552.0,0.27255154639175255,18.476190476190474
114,0.02865329512893983,0.04297994269340974,-0.2,0.0028653295128939827,0.0028653295128939827,0.0057306590257879654,0.0,0.0028653295128939827,22.291924834941597,716.0,0.23184357541899442,32.54545454545455
115,0.03359173126614987,0.04909560723514212,-0.1875,0.002583979328165375,0.002583979328165375,0.012919896640826873,0.0103359173126615,0.0,18.776716366158116,721.0,0.24410540915395285,22.53125
116,0.027149321266968326,0.04072398190045249,-0.2,0.004524886877828055,0.004524886877828055,0.0,0.004524886877828055,0.0022624434389140274,18.239166006861968,842.0,0.22209026128266032,23.38888888888889
117,0.05975609756097561,0.01707317073170732,0.5555555555555556,0.004878048780487805,0.0,0.00975609756097561,0.003658536585365854,0.0012195121951219512,20.052660073098032,1507.0,0.26211015262110154,23.92063492063492
118,0.05590851334180432,0.03939008894536213,0.17333333333333334,0.011435832274459974,0.0038119440914866584,0.016518424396442185,0.0063532401524777635,0.0025412960609911056,20.679378531073446,1440.0,0.27291666666666664,24.406779661016948
119,0.05740987983978638,0.009345794392523364,0.72,0.0026702269692923898,0.0053404539385847796,0.004005340453938585,0.004005340453938585,0.0013351134846461949,21.692747301167657,1513.0,0.29015201586252476,25.216666666666665
120,0.050078247261345854,0.014084507042253521,0.5609756097560976,0.004694835680751174,0.004694835680751174,0.003129890453834116,0.004694835680751174,0.001564945226917058,22.271916659309614,1205.0,0.3004149377593361,25.638297872340427
121,0.05592105263157895,0.011513157894736841,0.6585365853658537,0.0,0.001644736842105263,0.004934210526315789,0.001644736842105263,0.0,20.50438203771537,1134.0,0.2945326278659612,21.807692307692307
122,0.07014028056112225,0.01002004008016032,0.75,0.004008016032064128,0.006012024048096192,0.002004008016032064,0.01002004008016032,0.002004008016032064,21.749935965848454,937.0,0.3094983991462113,23.425
123,0.058319039451114926,0.012006861063464836,0.6585365853658537,0.003430531732418525,0.003430531732418525,0.0,0.005145797598627788,0.0017152658662092624,23.046095551894567,1214.0,0.2726523887973641,30.35
124,0.058419243986254296,0.010309278350515464,0.7,0.006872852233676976,0.003436426116838488,0.001718213058419244,0.003436426116838488,0.006872852233676976,22.262154222190887,1091.0,0.2768102658111824,27.974358974358974
125,0.05314009661835749,0.008051529790660225,0.7368421052631579,0.008051529790660225,0.0,0.0,0.00322061191626409,0.00322061191626409,21.282969460069282,1234.0,0.2901134521880065,24.19607843137255
126,0.04528650646950092,0.022181146025878003,0.3424657534246575,0.012014787430683918,0.0027726432532347504,0.0036968576709796672,0.0036968576709796672,0.0073937153419593345,21.700966713113488,2153.0,0.25545750116117044,28.706666666666667
127,0.06013579049466537,0.01745877788554801,0.55,0.008729388942774006,0.004849660523763337,0.002909796314258002,0.0038797284190106693,0.0009699321047526673,22.148642478311263,2005.0,0.2713216957605985,28.239436619718308
128,0.031525851197982346,0.03026481715006305,0.02040816326530612,0.011349306431273645,0.0025220680958385876,0.0012610340479192938,0.005044136191677175,0.005044136191677175,20.35979693801794,1634.0,0.24112607099143207,26.78688524590164
129,0.05625717566016074,0.011481056257175661,0.6610169491525424,0.004592422502870264,0.002296211251435132,0.001148105625717566,0.004592422502870264,0.004592422502870264,21.24310776942356,1710.0,0.2596491228070175,27.142857142857142
130,0.0711743772241993,0.005338078291814947,0.8604651162790697,0.0071174377224199285,0.0017793594306049821,0.0017793594306049821,0.008896797153024912,0.005338078291814947,17.38099160361396,1182.0,0.21150592216582065,22.30188679245283
131,0.046460176991150445,0.017699115044247787,0.4482758620689655,0.00663716814159292,0.0022123893805309734,0.0,0.0,0.0,19.952726961385885,947.0,0.24287222808870115,25.594594594594593
132,0.041935483870967745,0.021505376344086023,0.3220338983050847,0.0064516129032258064,0.0032258064516129032,0.004301075268817204,0.005376344086021506,0.002150537634408602,22.311637897967014,1738.0,0.2681242807825086,28.966666666666665
133,0.04992967651195499,0.03305203938115331,0.2033898305084746,0.017580872011251757,0.0028129395218002813,0.0014064697609001407,0.002109704641350211,0.0035161744022503515,19.259306776484255,2806.0,0.22166785459729152,25.98148148148148
134,0.06947890818858561,0.02977667493796526,0.4,0.007444168734491315,0.007444168734491315,0.0024813895781637717,0.004962779156327543,0.0024813895781637717,19.805737704918034,732.0,0.26639344262295084,22.875
135,0.04198473282442748,0.015267175572519083,0.4666666666666667,0.011450381679389313,0.011450381679389313,0.003816793893129771,0.003816793893129771,0.003816793893129771,17.497100573844758,473.0,0.26849894291754756,16.892857142857142
136,0.08108108108108109,0.005405405405405406,0.875,0.005405405405405406,0.021621621621621623,0.005405405405405406,0.005405405405405406,0.0,17.19931536157467,369.0,0.23577235772357724,19.42105263157895
137,0.09154929577464789,0.02112676056338028,0.625,0.014084507042253521,0.0,0.0,0.0,0.007042253521126761,16.5247311827957,310.0,0.2064516129032258,20.666666666666668
138,0.075,0.0225,0.5384615384615384,0.005,0.0025,0.0025,0.005,0.005,17.377760334903193,784.0,0.23341836734693877,20.102564102564102
139,0.10909090909090909,0.0030303030303030303,0.9459459459459459,0.0030303030303030303,0.006060606060606061,0.0,0.006060606060606061,0.0030303030303030303,19.160412173496287,642.0,0.23208722741433022,24.692307692307693
140,0.0592,0.048,0.1044776119402985,0.016,0.0048,0.0,0.0064,0.008,19.076839448650748,1212.0,0.23927392739273928,23.764705882352942
141,0.10526315789473684,0.0,1.0,0.011695906432748537,0.011695906432748537,0.0,0.005847953216374269,0.0,22.567832167832172,286.0,0.3041958041958042,26.0
142,0.027586206896551724,0.010344827586206896,0.45454545454545453,0.006896551724137931,0.0034482758620689655,0.0,0.008620689655172414,0.0,21.873715139955667,1021.0,0.2781586679725759,26.86842105263158
143,0.026200873362445413,0.019650655021834062,0.14285714285714285,0.0054585152838427945,0.006550218340611353,0.0054585152838427945,0.004366812227074236,0.001091703056768559,21.55969023433572,1630.0,0.27177914110429446,26.721311475409838
144,0.036057692307692304,0.006009615384615385,0.7142857142857143,0.008413461538461538,0.0,0.001201923076923077,0.001201923076923077,0.001201923076923077,18.755979847296526,1481.0,0.24105334233625927,22.784615384615385
145,0.03958333333333333,0.007638888888888889,0.6764705882352942,0.0006944444444444445,0.00625,0.002777777777777778,0.002777777777777778,0.0006944444444444445,20.786275810308418,2491.0,0.24889602569249297,27.07608695652174
146,0.03914590747330961,0.004448398576512456,0.7959183673469388,0.0026690391459074734,0.0071174377224199285,0.0008896797153024911,0.0035587188612099642,0.0,21.21855611957135,1970.0,0.2568527918781726,27.36111111111111
147,0.04287515762925599,0.013871374527112233,0.5111111111111111,0.0025220680958385876,0.006305170239596469,0.0037831021437578815,0.007566204287515763,0.0,21.578257048594608,1361.0,0.27259368111682586,26.686274509803923
148,0.05177372962607862,0.011505273250239693,0.6363636363636364,0.003835091083413231,0.0028763183125599234,0.0009587727708533077,0.0028763183125599234,0.0,22.714144961467174,1809.0,0.3018242122719735,26.602941176470587
149,0.039735099337748346,0.009933774834437087,0.6,0.006622516556291391,0.0011037527593818985,0.004415011037527594,0.004415011037527594,0.0011037527593818985,23.623394805102514,1593.0,0.2900188323917137,30.056603773584907
150,0.030303030303030304,0.027972027972027972,0.04,0.01282051282051282,0.002331002331002331,0.004662004662004662,0.0034965034965034965,0.006993006993006993,19.859318708756913,1602.0,0.2421972534332085,25.428571428571427
151,0.02564102564102564,0.023411371237458192,0.045454545454545456,0.006688963210702341,0.006688963210702341,0.002229654403567447,0.002229654403567447,0.002229654403567447,21.40618124877667,1703.0,0.25132119788608337,28.383333333333333
152,0.05973223480947477,0.015447991761071062,0.589041095890411,0.01956745623069001,0.0010298661174047373,0.0010298661174047373,0.007209062821833162,0.007209062821833162,18.53842353164746,1889.0,0.22128110111169932,24.21794871794872
153,0.050716648291069456,0.022050716648291068,0.3939393939393939,0.017640573318632856,0.004410143329658214,0.0,0.0033076074972436605,0.008820286659316428,19.539817629179332,1645.0,0.25349544072948327,23.5
154,0.04377104377104377,0.02132435465768799,0.3448275862068966,0.006734006734006734,0.002244668911335578,0.0,0.0,0.001122334455667789,20.72358634945243,1623.0,0.2563154651879236,26.177419354838708
155,0.04481132075471698,0.03419811320754717,0.13432835820895522,0.015330188679245283,0.0023584905660377358,0.0011792452830188679,0.0011792452830188679,0.0011792452830188679,20.527902695595003,1521.0,0.2596975673898751,25.35
156,0.05764705882352941,0.047058823529411764,0.10112359550561797,0.0058823529411764705,0.009411764705882352,0.0,0.00823529411764706,0.0,18.027956413004645,1555.0,0.2347266881028939,21.59722222222222
157,0.04715969989281887,0.030010718113612004,0.2222222222222222,0.00964630225080386,0.00964630225080386,0.0010718113612004287,0.004287245444801715,0.003215434083601286,21.68265890306571,1678.0,0.266984505363528,27.508196721311474
158,0.05604203152364273,0.01576182136602452,0.5609756097560976,0.0017513134851138354,0.0017513134851138354,0.0,0.0035026269702276708,0.0017513134851138354,20.402313106941317,1067.0,0.2830365510777882,22.70212765957447
159,0.05327868852459016,0.00819672131147541,0.7333333333333333,0.004098360655737705,0.00273224043715847,0.001366120218579235,0.001366120218579235,0.004098360655737705,20.101300169587336,1450.0,0.26482758620689656,23.770491803278688
160,0.07352941176470588,0.014705882352941176,0.6666666666666666,0.0,0.0029411764705882353,0.008823529411764706,0.0058823529411764705,0.0,19.318392756083757,627.0,0.2807017543859649,20.225806451612904
161,0.06753246753246753,0.015584415584415584,0.625,0.007792207792207792,0.0025974025974025974,0.005194805194805195,0.0025974025974025974,0.0,19.93792433079109,743.0,0.2920592193808883,20.63888888888889
162,0.05970149253731343,0.008291873963515755,0.7560975609756098,0.011608623548922056,0.009950248756218905,0.001658374792703151,0.003316749585406302,0.006633499170812604,19.034540237737396,1126.0,0.25932504440497334,21.653846153846153
163,0.06583072100313479,0.009404388714733543,0.75,0.00522466039707419,0.00522466039707419,0.0020898641588296763,0.008359456635318705,0.0010449320794148381,18.493471434736673,1723.0,0.24143934997098085,22.08974358974359
164,0.0861812778603269,0.008915304606240713,0.8125,0.007429420505200594,0.014858841010401188,0.0029717682020802376,0.01188707280832095,0.0029717682020802376,19.97430441898527,1269.0,0.2553191489361702,24.403846153846153
165,0.07528409090909091,0.011363636363636364,0.7377049180327869,0.004261363636363636,0.007102272727272727,0.005681818181818182,0.009943181818181818,0.0,18.359498311625664,1382.0,0.22865412445730826,23.033333333333335
166,0.10638297872340426,0.010638297872340425,0.8181818181818182,0.00851063829787234,0.0,0.002127659574468085,0.00851063829787234,0.002127659574468085,18.630833721471824,904.0,0.22787610619469026,23.789473684210527
167,0.06654676258992806,0.02158273381294964,0.5102040816326531,0.008992805755395683,0.0017985611510791368,0.0,0.0035971223021582736,0.0,21.22351049934693,1076.0,0.23977695167286245,29.08108108108108
168,0.06862745098039216,0.00784313725490196,0.7948717948717948,0.00784313725490196,0.00196078431372549,0.00196078431372549,0.00784313725490196,0.0,18.204948526265447,969.0,0.21878224974200206,23.634146341463413
169,0.04887218045112782,0.016917293233082706,0.4857142857142857,0.0037593984962406013,0.009398496240601503,0.0,0.0037593984962406013,0.0018796992481203006,18.197145956772097,1042.0,0.22840690978886757,22.652173913043477
170,0.05917808219178082,0.03232876712328767,0.2934131736526946,0.009863013698630137,0.007123287671232876,0.009863013698630137,0.004383561643835616,0.0027397260273972603,19.93955474126475,3609.0,0.2529786644499861,24.551020408163264
171,0.04645161290322581,0.017419354838709676,0.45454545454545453,0.00967741935483871,0.003870967741935484,0.0032258064516129032,0.001935483870967742,0.001935483870967742,21.045143345890928,2974.0,0.23739071956960323,28.87378640776699
172,0.04246504401864319,0.01967892283790782,0.36666666666666664,0.011393060590367685,0.004660797514241326,0.0020714655618850335,0.0010357327809425167,0.002589331952356292,20.201939423048934,3817.0,0.2399790411317789,26.506944444444443
173,0.04584657285519746,0.02541988197911938,0.28662420382165604,0.01044030866999546,0.003631411711302769,0.0009078529278256923,0.0022696323195642307,0.003631411711302769,20.239147773740168,4287.0,0.24772568229531142,25.825301204819276
174,0.052346570397111915,0.013537906137184115,0.589041095890411,0.009025270758122744,0.00631768953068592,0.0018050541516245488,0.0009025270758122744,0.0009025270758122744,20.003959212376937,2133.0,0.23347398030942335,26.6625
175,0.03550640279394645,0.010477299185098952,0.5443037974683544,0.008731082654249126,0.006984866123399301,0.0005820721769499418,0.0005820721769499418,0.002910360884749709,22.388042564943273,3337.0,0.23254420137848367,32.71568627450981
176,0.03493862134088763,0.009442870632672332,0.574468085106383,0.014636449480642116,0.003777148253068933,0.0028328611898017,0.002360717658168083,0.0066100094428706326,20.141652290588464,4230.0,0.21773049645390072,28.58108108108108
177,0.049163179916317995,0.02092050209205021,0.40298507462686567,0.014644351464435146,0.007322175732217573,0.0010460251046025104,0.0031380753138075313,0.0041841004184100415,19.530477749201154,1833.0,0.22640480087288598,26.185714285714287
178,0.057672502574665295,0.02368692070030896,0.4177215189873418,0.009268795056642637,0.006179196704428424,0.0,0.0010298661174047373,0.0010298661174047373,18.762515535669902,1788.0,0.2483221476510067,22.074074074074073
179,0.058823529411764705,0.016227180527383367,0.5675675675675675,0.009127789046653144,0.007099391480730223,0.002028397565922921,0.0030425963488843813,0.0010141987829614604,19.729766856183463,1795.0,0.24735376044568244,24.589041095890412
180,0.06389157792836399,0.01936108422071636,0.5348837209302325,0.003872216844143272,0.00484027105517909,0.002904162633107454,0.008712487899322363,0.0,18.682194154393326,1928.0,0.2551867219917012,21.186813186813186
181,0.060109289617486336,0.00819672131147541,0.76,0.00819672131147541,0.006830601092896175,0.001366120218579235,0.00273224043715847,0.001366120218579235,20.801916970138382,1373.0,0.24544792425345957,27.46
182,0.0658682634730539,0.016253207869974338,0.6041666666666666,0.006843455945252352,0.005988023952095809,0.0025662959794696323,0.0025662959794696323,0.0,19.050210395664944,2178.0,0.2369146005509642,23.934065934065934
183,0.04978813559322034,0.026483050847457626,0.3055555555555556,0.007415254237288136,0.009533898305084746,0.0,0.006355932203389831,0.001059322033898305,20.08259958071279,1696.0,0.2665094339622642,23.555555555555557
184,0.0411522633744856,0.0360082304526749,0.06666666666666667,0.009259259259259259,0.0030864197530864196,0.00205761316872428,0.00102880658436214,0.00102880658436214,18.463165802719555,1836.0,0.25054466230936817,21.103448275862068
185,0.04499274310595065,0.015965166908563134,0.47619047619047616,0.013062409288824383,0.013062409288824383,0.0021770682148040637,0.002902757619738752,0.0021770682148040637,19.35760561785027,2592.0,0.24614197530864199,23.779816513761467
186,0.058056872037914695,0.014218009478672985,0.6065573770491803,0.008293838862559242,0.001184834123222749,0.0,0.008293838862559242,0.002369668246445498,18.446150670794633,1615.0,0.2458204334365325,21.533333333333335
187,0.06182212581344902,0.026030368763557483,0.4074074074074074,0.015184381778741865,0.005422993492407809,0.0,0.009761388286334056,0.004338394793926247,18.828984019938428,1795.0,0.23454038997214485,23.61842105263158
188,0.0667420814479638,0.011312217194570135,0.7101449275362319,0.005656108597285068,0.005656108597285068,0.0,0.013574660633484163,0.0,18.76568860692572,1649.0,0.25773195876288657,21.141025641025642
189,0.06683480453972257,0.01639344262295082,0.6060606060606061,0.015132408575031526,0.006305170239596469,0.0012610340479192938,0.013871374527112233,0.0012610340479192938,20.041102132956393,1529.0,0.2544146500981033,24.661290322580644
190,0.060550458715596334,0.021406727828746176,0.47761194029850745,0.011620795107033639,0.005504587155963303,0.0024464831804281344,0.00672782874617737,0.0024464831804281344,18.83503310955839,3244.0,0.23057953144266338,24.02962962962963
191,0.06261980830670927,0.03514376996805112,0.28104575163398693,0.019169329073482427,0.005750798722044728,0.0012779552715654952,0.008945686900958467,0.0025559105431309905,19.43299683608508,3091.0,0.22387576835975412,26.194915254237287
192,0.05754276827371695,0.017107309486780714,0.5416666666666666,0.006220839813374806,0.013996889580093312,0.0,0.0015552099533437014,0.003110419906687403,20.360356680961132,1245.0,0.29799196787148596,21.10169491525424
193,0.04612159329140461,0.006289308176100629,0.76,0.0,0.008385744234800839,0.0,0.006289308176100629,0.0,18.71268589679609,932.0,0.2510729613733906,21.674418604651162
194,0.05575539568345324,0.007194244604316547,0.7714285714285715,0.0,0.00539568345323741,0.0035971223021582736,0.0017985611510791368,0.0,19.84907325684025,1030.0,0.2621359223300971,23.40909090909091
195,0.054385964912280704,0.005263157894736842,0.8235294117647058,0.0,0.010526315789473684,0.0017543859649122807,0.005263157894736842,0.0,18.76715434985968,1069.0,0.255378858746492,21.38
196,0.0411663807890223,0.017152658662092625,0.4117647058823529,0.010291595197255575,0.0017152658662092624,0.00686106346483705,0.0017152658662092624,0.010291595197255575,19.864135283743128,1134.0,0.2742504409171076,22.235294117647058
197,0.04155124653739612,0.01662049861495845,0.42857142857142855,0.006925207756232687,0.006925207756232687,0.0013850415512465374,0.004155124653739612,0.00554016620498615,20.27391345696624,1402.0,0.2731811697574893,23.366666666666667
198,0.03480278422273782,0.027842227378190254,0.1111111111111111,0.00580046403712297,0.001160092807424594,0.001160092807424594,0.002320185614849188,0.0034802784222737818,22.4000040874719,1631.0,0.28816676885346415,27.183333333333334
199,0.04452054794520548,0.017123287671232876,0.4444444444444444,0.003424657534246575,0.010273972602739725,0.003424657534246575,0.003424657534246575,0.003424657534246575,18.8963936636333,516.0,0.24806201550387597,22.434782608695652
200,0.05182567726737338,0.014134275618374558,0.5714285714285714,0.002355712603062426,0.009422850412249705,0.0,0.0035335689045936395,0.001177856301531213,19.255169366715762,1552.0,0.25966494845360827,22.17142857142857
201,0.05547850208044383,0.005547850208044383,0.8181818181818182,0.009708737864077669,0.0027739251040221915,0.006934812760055479,0.004160887656033287,0.005547850208044383,17.54035635485617,1413.0,0.23071479122434538,20.779411764705884
202,0.04838709677419355,0.0,1.0,0.0035842293906810036,0.005376344086021506,0.008960573476702509,0.0017921146953405018,0.0017921146953405018,18.807449735449733,1134.0,0.24338624338624337,22.68
203,0.04495912806539509,0.009536784741144414,0.65,0.0027247956403269754,0.0013623978201634877,0.0,0.0027247956403269754,0.0027247956403269754,21.664127173712128,1379.0,0.271211022480058,27.03921568627451
204,0.04823529411764706,0.0058823529411764705,0.782608695652174,0.00823529411764706,0.001176470588235294,0.007058823529411765,0.0035294117647058825,0.0035294117647058825,19.461578729852597,1708.0,0.23536299765807964,25.11764705882353
205,0.06044905008635579,0.015544041450777202,0.5909090909090909,0.012089810017271158,0.0069084628670120895,0.0069084628670120895,0.0034542314335060447,0.0051813471502590676,20.79144352343482,1114.0,0.28276481149012567,23.70212765957447
206,0.047839506172839504,0.015432098765432098,0.5121951219512195,0.009259259259259259,0.0015432098765432098,0.0030864197530864196,0.0015432098765432098,0.006172839506172839,18.618422442794785,1262.0,0.24405705229793978,22.140350877192983
207,0.03834510595358224,0.016145307769929364,0.4074074074074074,0.0030272452068617556,0.010090817356205853,0.0020181634712411706,0.0020181634712411706,0.0,24.384936920504636,1935.0,0.32506459948320415,28.455882352941178
208,0.028153153153153154,0.019144144144144143,0.19047619047619047,0.0022522522522522522,0.013513513513513514,0.010135135135135136,0.0,0.0022522522522522522,25.166657027183344,1729.0,0.32041642567958356,30.875
209,0.05084745762711865,0.014689265536723164,0.5517241379310345,0.005649717514124294,0.006779661016949152,0.007909604519774011,0.0,0.0011299435028248588,24.4298497871315,1688.0,0.3246445497630332,28.610169491525422
210,0.051647373107747106,0.009795191451469279,0.6811594202898551,0.005342831700801425,0.006233303650934996,0.006233303650934996,0.0,0.0,26.076188291078736,2274.0,0.322339489885664,32.95652173913044
211,0.06069802731411229,0.013657056145675266,0.6326530612244898,0.007587253414264037,0.007587253414264037,0.0,0.007587253414264037,0.004552352048558422,21.21246129072216,1242.0,0.2914653784219002,23.884615384615383
212,0.06060606060606061,0.03535353535353535,0.2631578947368421,0.010101010101010102,0.021885521885521887,0.0,0.0016835016835016834,0.006734006734006734,21.644610791034108,1106.0,0.28390596745027125,25.72093023255814
213,0.03940217391304348,0.02309782608695652,0.2608695652173913,0.012228260869565218,0.002717391304347826,0.0,0.008152173913043478,0.009510869565217392,19.40946164946165,1386.0,0.27200577200577203,21.323076923076922
214,0.0480225988700565,0.01694915254237288,0.4782608695652174,0.002824858757062147,0.0,0.002824858757062147,0.002824858757062147,0.0014124293785310734,21.018083830913692,1381.0,0.2990586531498914,22.639344262295083
215,0.04915254237288136,0.01864406779661017,0.45,0.005084745762711864,0.003389830508474576,0.00847457627118644,0.003389830508474576,0.0,21.944863238300993,1058.0,0.332703213610586,21.591836734693878
216,0.03902439024390244,0.016260162601626018,0.4117647058823529,0.004878048780487805,0.014634146341463415,0.008130081300813009,0.0,0.0032520325203252032,23.422140164628047,1238.0,0.29079159935379645,29.476190476190474
217,0.043674698795180725,0.03162650602409638,0.16,0.0015060240963855422,0.007530120481927711,0.016566265060240965,0.0,0.0,21.204547519097105,1321.0,0.28993186979560936,24.01818181818182
218,0.04207573632538569,0.03927068723702665,0.034482758620689655,0.004207573632538569,0.008415147265077139,0.0070126227208976155,0.002805049088359046,0.001402524544179523,21.523513060148574,1391.0,0.306254493170381,23.183333333333334
219,0.02926481084939329,0.029978586723768737,-0.012048192771084338,0.004996431120628123,0.006423982869379015,0.0014275517487508922,0.0007137758743754461,0.0035688793718772305,20.93643550220765,2776.0,0.2687319884726225,25.46788990825688
220,0.03453815261044177,0.013654618473895583,0.43333333333333335,0.004819277108433735,0.00321285140562249,0.0024096385542168677,0.00321285140562249,0.004819277108433735,20.357454589784226,2524.0,0.2662440570522979,24.26923076923077
221,0.04327666151468315,0.03863987635239567,0.05660377358490566,0.005409582689335394,0.0077279752704791345,0.010819165378670788,0.005409582689335394,0.0030911901081916537,19.36678750264476,2578.0,0.24980605120248253,23.436363636363637
222,0.03935860058309038,0.02259475218658892,0.27058823529411763,0.0029154518950437317,0.0036443148688046646,0.0014577259475218659,0.0014577259475218659,0.0014577259475218659,18.61043840313495,2722.0,0.23842762674504042,22.683333333333334
223,0.04671532846715328,0.01824817518248175,0.43820224719101125,0.004379562043795621,0.006569343065693431,0.0051094890510948905,0.0051094890510948905,0.0021897810218978104,20.594575650165282,2743.0,0.2843601895734597,23.050420168067227
224,0.040522875816993466,0.011764705882352941,0.55,0.00130718954248366,0.006535947712418301,0.006535947712418301,0.0,0.00065359477124183,21.269124183006536,3060.0,0.2869281045751634,24.48
225,0.048730964467005075,0.013197969543147208,0.5737704918032787,0.01116751269035533,0.012182741116751269,0.012182741116751269,0.0020304568527918783,0.005076142131979695,23.350832526174994,1971.0,0.28513444951801115,29.863636363636363
226,0.03005181347150259,0.01865284974093264,0.23404255319148937,0.007253886010362694,0.002072538860103627,0.002072538860103627,0.002072538860103627,0.004145077720207254,23.25740788040921,2038.0,0.30225711481844947,27.91780821917808
227,0.04264099037138927,0.015130674002751032,0.47619047619047616,0.008253094910591471,0.002751031636863824,0.0041265474552957355,0.0041265474552957355,0.0,24.083644475754376,1503.0,0.3073852295409182,29.470588235294116
228,0.035265989240884636,0.011954572624028692,0.4936708860759494,0.007172743574417215,0.001195457262402869,0.010759115361625823,0.002988643156007173,0.002988643156007173,23.375936708745055,3529.0,0.29980164352507793,28.45967741935484
229,0.029839326702371844,0.015302218821729151,0.3220338983050847,0.008416220351951033,0.00306044376434583,0.015302218821729151,0.00306044376434583,0.0022953328232593728,23.413451438300058,2707.0,0.29109715552271886,29.42391304347826
230,0.03492063492063492,0.01746031746031746,0.3333333333333333,0.00873015873015873,0.0031746031746031746,0.012698412698412698,0.006349206349206349,0.0015873015873015873,22.956805762543468,2684.0,0.29433681073025336,27.958333333333332
231,0.04366438356164384,0.019691780821917807,0.3783783783783784,0.00684931506849315,0.004280821917808219,0.0136986301369863,0.0059931506849315065,0.003424657534246575,24.334720526352967,2417.0,0.31361191559784857,29.475609756097562
232,0.037756202804746494,0.025889967637540454,0.1864406779661017,0.010787486515641856,0.005393743257820928,0.008629989212513484,0.003236245954692557,0.005393743257820928,22.94038484101842,1894.0,0.31045406546990495,26.305555555555557
233,0.029649595687331536,0.03504043126684636,-0.08333333333333333,0.005390835579514825,0.018867924528301886,0.0026954177897574125,0.0026954177897574125,0.0,21.59209235209235,693.0,0.3088023088023088,23.1
234,0.048355899419729204,0.03481624758220503,0.16279069767441862,0.01160541586073501,0.009671179883945842,0.007736943907156673,0.0038684719535783366,0.0019342359767891683,20.1684540306061,965.0,0.27979274611398963,22.441860465116278
235,0.04258675078864353,0.017350157728706624,0.42105263157894735,0.0031545741324921135,0.006309148264984227,0.0031545741324921135,0.0031545741324921135,0.0015772870662460567,22.768666666666668,1250.0,0.3088,26.041666666666668
236,0.04208416833667335,0.018036072144288578,0.4,0.002004008016032064,0.0,0.002004008016032064,0.0,0.0,22.15641856066034,943.0,0.2990455991516437,25.486486486486488
237,0.041922290388548056,0.018404907975460124,0.3898305084745763,0.003067484662576687,0.00408997955010225,0.010224948875255624,0.002044989775051125,0.0,24.043815344469433,1879.0,0.2980308674827036,30.306451612903224
238,0.046536796536796536,0.017316017316017316,0.4576271186440678,0.008658008658008658,0.0021645021645021645,0.005411255411255411,0.0021645021645021645,0.0021645021645021645,21.370778586507864,1788.0,0.28243847874720357,25.183098591549296
239,0.032640949554896145,0.025222551928783383,0.1282051282051282,0.0,0.002967359050445104,0.001483679525222552,0.001483679525222552,0.0,20.22204323866045,1348.0,0.26483679525222553,24.071428571428573
240,0.04261363636363636,0.019886363636363636,0.36363636363636365,0.005681818181818182,0.002840909090909091,0.004261363636363636,0.0014204545454545455,0.004261363636363636,21.800513468356495,1389.0,0.28293736501079914,26.20754716981132
241,0.06936416184971098,0.02023121387283237,0.5483870967741935,0.005780346820809248,0.002890173410404624,0.005780346820809248,0.002890173410404624,0.002890173410404624,23.76,625.0,0.344,25.0
242,0.05191256830601093,0.02185792349726776,0.4074074074074074,0.0,0.00819672131147541,0.00273224043715847,0.00273224043715847,0.0,23.401376936316694,664.0,0.34789156626506024,23.714285714285715
243,0.05829596412556054,0.017937219730941704,0.5294117647058824,0.0,0.004484304932735426,0.008968609865470852,0.004484304932735426,0.0,24.703448275862073,406.0,0.3275862068965517,29.0
244,0.07885304659498207,0.010752688172043012,0.76,0.0,0.0035842293906810036,0.0035842293906810036,0.0035842293906810036,0.0,23.255680345572355,463.0,0.34989200863930886,23.15
245,0.05732484076433121,0.012738853503184714,0.6363636363636364,0.0015923566878980893,0.006369426751592357,0.0015923566878980893,0.0015923566878980893,0.0015923566878980893,21.560733378780814,1186.0,0.2866779089376054,25.23404255319149
246,0.06334841628959276,0.016591251885369532,0.5849056603773585,0.006033182503770739,0.010558069381598794,0.0030165912518853697,0.004524886877828055,0.0030165912518853697,21.648568070761428,1268.0,0.29258675078864355,24.862745098039216
247,0.04118404118404118,0.01673101673101673,0.4222222222222222,0.009009009009009009,0.009009009009009009,0.002574002574002574,0.003861003861003861,0.002574002574002574,21.13899934810952,1534.0,0.28878748370273793,23.96875
248,0.03913894324853229,0.009784735812133072,0.6,0.0019569471624266144,0.007827788649706457,0.005870841487279843,0.0,0.0019569471624266144,21.82184315463004,976.0,0.2817622950819672,26.37837837837838
249,0.04938271604938271,0.007054673721340388,0.75,0.007054673721340388,0.005291005291005291,0.005291005291005291,0.001763668430335097,0.003527336860670194,21.667777777777776,1125.0,0.2604444444444444,28.125
250,0.08928571428571429,0.02142857142857143,0.6129032258064516,0.005357142857142857,0.008928571428571428,0.0035714285714285713,0.0017857142857142857,0.005357142857142857,21.07687157147467,1033.0,0.3117134559535334,21.520833333333332
251,0.028225806451612902,0.04032258064516129,-0.17647058823529413,0.004032258064516129,0.004032258064516129,0.012096774193548387,0.004032258064516129,0.004032258064516129,19.494557133198107,493.0,0.281947261663286,20.541666666666668
252,0.060556464811783964,0.022913256955810146,0.45098039215686275,0.0032733224222585926,0.004909983633387889,0.004909983633387889,0.0016366612111292963,0.0016366612111292963,21.24659746251442,1156.0,0.3044982698961938,22.666666666666668
253,0.054989816700611,0.03054989816700611,0.2857142857142857,0.014256619144602852,0.012219959266802444,0.004073319755600814,0.006109979633401222,0.012219959266802444,21.906843013225995,940.0,0.2936170212765957,25.405405405405407
254,0.06279434850863422,0.018838304552590265,0.5384615384615384,0.004709576138147566,0.006279434850863423,0.0,0.0015698587127158557,0.0015698587127158557,20.96090365448505,1204.0,0.28322259136212624,24.08
255,0.04151838671411625,0.011862396204033215,0.5555555555555556,0.004744958481613286,0.0011862396204033216,0.009489916963226572,0.0035587188612099642,0.0011862396204033216,24.54228473998295,1564.0,0.2877237851662404,32.583333333333336
256,0.035306334371754934,0.014537902388369679,0.4166666666666667,0.005192107995846314,0.0020768431983385254,0.01142263759086189,0.0020768431983385254,0.0020768431983385254,22.56461622210125,2004.0,0.26047904191616766,30.363636363636363
257,0.055449330783938815,0.009560229445506692,0.7058823529411765,0.0019120458891013384,0.0038240917782026767,0.0,0.0019120458891013384,0.0019120458891013384,21.881891891891897,999.0,0.2972972972972973,24.975
258,0.075,0.021875,0.5483870967741935,0.009375,0.003125,0.003125,0.0,0.00625,22.417331352154534,673.0,0.2912332838038633,26.92
259,0.05856832971800434,0.026030368763557483,0.38461538461538464,0.0021691973969631237,0.006507592190889371,0.008676789587852495,0.0,0.0,19.840340769192892,967.0,0.265770423991727,23.023809523809526
260,0.046468401486988845,0.011152416356877323,0.6129032258064516,0.0018587360594795538,0.007434944237918215,0.0055762081784386614,0.0,0.0018587360594795538,21.18651868777542,1114.0,0.2764811490125673,25.318181818181817
261,0.025191675794085433,0.01533406352683461,0.24324324324324326,0.00547645125958379,0.004381161007667032,0.00547645125958379,0.001095290251916758,0.00547645125958379,19.350151843817788,1844.0,0.2532537960954447,23.05
262,0.01691542288557214,0.03980099502487562,-0.40350877192982454,0.006965174129353234,0.005970149253731343,0.011940298507462687,0.0,0.003980099502487562,22.214024545900834,2037.0,0.28375061364752086,27.16
263,0.034782608695652174,0.01217391304347826,0.48148148148148145,0.0017391304347826088,0.0034782608695652175,0.0034782608695652175,0.0,0.0017391304347826088,17.54990997702862,1092.0,0.25366300366300365,18.508474576271187
264,0.026785714285714284,0.029017857142857144,-0.04,0.0033482142857142855,0.002232142857142857,0.013392857142857142,0.0011160714285714285,0.002232142857142857,21.329140652758742,1791.0,0.2618648799553322,27.136363636363637
265,0.015384615384615385,0.029585798816568046,-0.3157894736842105,0.002366863905325444,0.002366863905325444,0.007100591715976331,0.001183431952662722,0.001183431952662722,20.92788142090468,1677.0,0.2570065593321407,26.61904761904762
266,0.05352112676056338,0.010328638497652582,0.6764705882352942,0.007511737089201878,0.004694835680751174,0.0009389671361502347,0.0018779342723004694,0.005633802816901409,22.039794661190967,1948.0,0.30749486652977415,24.35
267,0.046475600309837335,0.008520526723470178,0.6901408450704225,0.003098373353989156,0.0038729666924864447,0.003098373353989156,0.004647560030983733,0.003098373353989156,22.463083067397907,2434.0,0.27855382087099423,28.302325581395348
268,0.061452513966480445,0.004469273743016759,0.864406779661017,0.0011173184357541898,0.0033519553072625698,0.0011173184357541898,0.0022346368715083797,0.0011173184357541898,21.809649547245456,1702.0,0.29494712103407755,25.029411764705884
269,0.060561299852289516,0.0014771048744460858,0.9523809523809523,0.004431314623338257,0.0029542097488921715,0.0029542097488921715,0.007385524372230428,0.0,21.16118918918919,1184.0,0.2922297297297297,23.68
270,0.060215053763440864,0.004301075268817204,0.8666666666666667,0.004301075268817204,0.002150537634408602,0.0064516129032258064,0.002150537634408602,0.002150537634408602,21.06471924699773,869.0,0.3037974683544304,22.28205128205128
271,0.08316831683168317,0.005940594059405941,0.8666666666666667,0.0039603960396039604,0.0,0.0019801980198019802,0.0019801980198019802,0.0019801980198019802,24.336907536907535,936.0,0.3247863247863248,28.363636363636363
272,0.07530647985989491,0.005253940455341506,0.8695652173913043,0.0017513134851138354,0.0,0.0035026269702276708,0.0035026269702276708,0.0017513134851138354,25.34748704079333,1044.0,0.32662835249042144,30.705882352941178
273,0.04672897196261682,0.016355140186915886,0.48148148148148145,0.002336448598130841,0.002336448598130841,0.007009345794392523,0.0,0.002336448598130841,21.212783851976454,820.0,0.2475609756097561,28.275862068965516
274,0.043154761904761904,0.00744047619047619,0.7058823529411765,0.0,0.005952380952380952,0.001488095238095238,0.002976190476190476,0.0,20.429498069498067,1295.0,0.2517374517374517,25.9
275,0.03881987577639751,0.004658385093167702,0.7857142857142857,0.004658385093167702,0.003105590062111801,0.0015527950310559005,0.004658385093167702,0.003105590062111801,17.637505326680138,1233.0,0.23195458231954583,20.89830508474576
276,0.029069767441860465,0.011627906976744186,0.42857142857142855,0.0,0.001937984496124031,0.001937984496124031,0.001937984496124031,0.0,17.49589229054112,1014.0,0.21696252465483234,22.043478260869566
277,0.03885135135135135,0.013513513513513514,0.4838709677419355,0.006756756756756757,0.0016891891891891893,0.0,0.0016891891891891893,0.0016891891891891893,17.80658659434328,1246.0,0.2303370786516854,21.482758620689655
278,0.05380577427821522,0.01968503937007874,0.4642857142857143,0.005249343832020997,0.0026246719160104987,0.0026246719160104987,0.0026246719160104987,0.003937007874015748,16.56881596107776,1481.0,0.2113436866981769,20.28767123287671
279,0.05843293492695883,0.01593625498007968,0.5714285714285714,0.014608233731739707,0.0013280212483399733,0.0,0.005312084993359893,0.00796812749003984,18.773333333333337,1500.0,0.21933333333333332,25.0
280,0.040364583333333336,0.010416666666666666,0.5897435897435898,0.010416666666666666,0.0013020833333333333,0.0013020833333333333,0.0026041666666666665,0.0026041666666666665,18.611772133251964,1558.0,0.2098844672657253,25.540983606557376
281,0.04823151125401929,0.01607717041800643,0.5,0.017684887459807074,0.003215434083601286,0.0,0.00482315112540193,0.001607717041800643,18.65084915084915,1155.0,0.24415584415584415,22.21153846153846
282,0.03376205787781351,0.024115755627009645,0.16666666666666666,0.011254019292604502,0.00964630225080386,0.001607717041800643,0.012861736334405145,0.006430868167202572,18.81316665051523,1214.0,0.23228995057660626,23.80392156862745
283,0.049813200498132,0.0224159402241594,0.3793103448275862,0.0136986301369863,0.008717310087173101,0.0024906600249066002,0.0049813200498132005,0.007471980074719801,20.264917817225513,1521.0,0.25312294543063774,25.35
284,0.033967391304347824,0.021739130434782608,0.21951219512195122,0.012228260869565218,0.012228260869565218,0.006793478260869565,0.005434782608695652,0.002717391304347826,18.66543121881682,1403.0,0.23663578047042053,23.0
285,0.054602184087363496,0.0202808112324493,0.4583333333333333,0.0046801872074883,0.0124804992199688,0.0,0.0031201248049922,0.0031201248049922,19.074542124542127,1248.0,0.25400641025641024,22.285714285714285
286,0.03418803418803419,0.021367521367521368,0.23076923076923078,0.008547008547008548,0.0,0.008547008547008548,0.0,0.0,20.306793415256205,454.0,0.2687224669603524,23.894736842105264
287,0.07380457380457381,0.013513513513513514,0.6904761904761905,0.004158004158004158,0.005197505197505198,0.0010395010395010396,0.0031185031185031187,0.0,19.471067170689153,1810.0,0.24861878453038674,23.81578947368421
288,0.04004711425206125,0.016489988221436984,0.4166666666666667,0.009422850412249705,0.011778563015312132,0.002355712603062426,0.002355712603062426,0.001177856301531213,19.616778535502696,1693.0,0.23390431187241584,25.651515151515152
289,0.04233409610983982,0.03546910755148741,0.08823529411764706,0.003432494279176201,0.005720823798627002,0.0,0.0011441647597254005,0.0011441647597254005,19.814061698739575,1659.0,0.24773960216998192,24.761194029850746
290,0.028368794326241134,0.0070921985815602835,0.6,0.00303951367781155,0.002026342451874367,0.0121580547112462,0.00303951367781155,0.002026342451874367,18.595688209706005,1883.0,0.2533191715347849,21.15730337078652
291,0.03269447576099211,0.006764374295377677,0.6571428571428571,0.002254791431792559,0.0033821871476888386,0.006764374295377677,0.0011273957158962795,0.0011273957158962795,22.03698924731183,1612.0,0.28225806451612906,26.866666666666667
292,0.04967197750702906,0.0009372071227741331,0.9629629629629629,0.0018744142455482662,0.0009372071227741331,0.004686035613870665,0.004686035613870665,0.0009372071227741331,19.51809134167388,1993.0,0.268941294530858,21.9010989010989
293,0.02620689655172414,0.013793103448275862,0.3103448275862069,0.005517241379310344,0.0,0.004137931034482759,0.001379310344827586,0.004137931034482759,20.483096546964614,1449.0,0.26224982746721875,24.982758620689655
294,0.04126984126984127,0.01746031746031746,0.40540540540540543,0.0031746031746031746,0.0031746031746031746,0.0031746031746031746,0.0015873015873015873,0.0031746031746031746,20.39575512207091,1254.0,0.2687400318979266,24.115384615384617
295,0.03663003663003663,0.027472527472527472,0.14285714285714285,0.003663003663003663,0.0,0.0018315018315018315,0.003663003663003663,0.0,20.173388581952118,1086.0,0.27808471454880296,22.625
296,0.06557377049180328,0.04918032786885246,0.14285714285714285,0.0,0.00819672131147541,0.0,0.0,0.0,18.091541157525814,459.0,0.25272331154684097,19.956521739130434
297,0.058091286307053944,0.05394190871369295,0.037037037037037035,0.004149377593360996,0.004149377593360996,0.0,0.004149377593360996,0.0,16.516564858066836,484.0,0.2024793388429752,21.043478260869566
298,0.09243697478991597,0.0028011204481792717,0.9411764705882353,0.0056022408963585435,0.0,0.0,0.0056022408963585435,0.0028011204481792717,19.76465453194651,673.0,0.2838038632986627,21.03125
299,0.07773851590106007,0.00530035335689046,0.8723404255319149,0.00530035335689046,0.00530035335689046,0.0,0.0017667844522968198,0.0017667844522968198,17.71065265944247,1099.0,0.2429481346678799,19.98181818181818
300,0.06114130434782609,0.01358695652173913,0.6363636363636364,0.008152173913043478,0.004076086956521739,0.001358695652173913,0.004076086956521739,0.001358695652173913,19.104108173283954,1366.0,0.2767203513909224,20.08823529411765
301,0.0658833403273185,0.013428451531682753,0.6613756613756614,0.006714225765841376,0.01258917331095258,0.0029374737725556023,0.004616030214015947,0.000419639110365086,21.490923013687834,4468.0,0.2562667860340197,28.10062893081761
302,0.07025495750708215,0.02152974504249292,0.5308641975308642,0.0056657223796034,0.009631728045325779,0.0011331444759206798,0.00396600566572238,0.0011331444759206798,21.688838165741313,3242.0,0.2720542874768661,27.016666666666666
303,0.07808398950131233,0.012467191601049869,0.7246376811594203,0.006561679790026247,0.00853018372703412,0.0006561679790026247,0.006561679790026247,0.0013123359580052493,20.860834105774806,2801.0,0.26454837558014993,25.69724770642202
304,0.08221225710014948,0.006726457399103139,0.8487394957983193,0.01046337817638266,0.01569506726457399,0.0,0.00523168908819133,0.0037369207772795215,19.93767277866853,2483.0,0.26419653644784535,23.42452830188679
305,0.07947019867549669,0.014900662251655629,0.6842105263157895,0.0074503311258278145,0.014072847682119206,0.0008278145695364238,0.0033112582781456954,0.0024834437086092716,20.203805440718625,2177.0,0.2632062471290767,24.18888888888889
306,0.06551724137931035,0.01293103448275862,0.6703296703296703,0.01206896551724138,0.00603448275862069,0.0008620689655172414,0.004310344827586207,0.0008620689655172414,20.02914568473025,2129.0,0.2531705025833725,24.75581395348837
307,0.06058221872541306,0.025177025963808025,0.41284403669724773,0.00865460267505901,0.011014948859166011,0.0023603461841070024,0.003933910306845004,0.003933910306845004,19.979751900760306,2397.0,0.2549019607843137,24.459183673469386
308,0.08839127872716558,0.00883912787271656,0.8181818181818182,0.00883912787271656,0.0041249263406010605,0.0005892751915144372,0.005303476723629935,0.004714201532115498,21.1780701754386,3200.0,0.24875,28.07017543859649
309,0.05084745762711865,0.010169491525423728,0.6666666666666666,0.005084745762711864,0.003389830508474576,0.0,0.001694915254237288,0.0,20.426234646769224,1151.0,0.2849695916594266,22.568627450980394
310,0.05194805194805195,0.012987012987012988,0.6,0.004329004329004329,0.004329004329004329,0.0,0.0021645021645021645,0.004329004329004329,17.68378407042104,898.0,0.22828507795100222,21.38095238095238
311,0.04291044776119403,0.016791044776119403,0.4375,0.0037313432835820895,0.009328358208955223,0.0018656716417910447,0.0037313432835820895,0.0018656716417910447,18.344757174392935,1057.0,0.23841059602649006,22.020833333333332
312,0.0409711684370258,0.010622154779969651,0.5882352941176471,0.006069802731411229,0.006069802731411229,0.0015174506828528073,0.0015174506828528073,0.0030349013657056147,18.565759708105293,1279.0,0.2509773260359656,21.316666666666666
313,0.05851063829787234,0.010638297872340425,0.6923076923076923,0.0017730496453900709,0.008865248226950355,0.0017730496453900709,0.005319148936170213,0.0,19.893263570961416,1112.0,0.2446043165467626,25.272727272727273
314,0.03406813627254509,0.03206412825651302,0.030303030303030304,0.012024048096192385,0.003006012024048096,0.002004008016032064,0.001002004008016032,0.004008016032064128,20.407459069100266,1758.0,0.2554038680318544,25.47826086956522
315,0.06471030850263355,0.01805869074492099,0.5636363636363636,0.006772009029345372,0.0007524454477050414,0.0030097817908201654,0.004514672686230248,0.0007524454477050414,20.02514455325021,2423.0,0.25588113908378046,24.474747474747474
316,0.05578011317704123,0.02021018593371059,0.46808510638297873,0.016976556184316895,0.004042037186742118,0.002425222312045271,0.002425222312045271,0.00889248181083266,19.021212121212123,2200.0,0.24636363636363637,22.916666666666668
317,0.06177606177606178,0.01447876447876448,0.620253164556962,0.007722007722007722,0.003861003861003861,0.0028957528957528956,0.0019305019305019305,0.003861003861003861,20.027795365155068,1871.0,0.26082308925708175,23.987179487179485
318,0.06514084507042253,0.022887323943661973,0.48,0.01232394366197183,0.01056338028169014,0.008802816901408451,0.00528169014084507,0.00528169014084507,20.339872059678747,1061.0,0.2827521206409048,22.574468085106382
319,0.06491228070175438,0.02280701754385965,0.48,0.012280701754385965,0.010526315789473684,0.008771929824561403,0.005263157894736842,0.005263157894736842,20.53421763694424,1062.0,0.2824858757062147,23.08695652173913
320,0.05823627287853577,0.011647254575707155,0.6666666666666666,0.008319467554076539,0.008319467554076539,0.0016638935108153079,0.0016638935108153079,0.004991680532445923,21.557862218103185,1079.0,0.2622798887859129,27.666666666666668
321,0.0532258064516129,0.014516129032258065,0.5714285714285714,0.0016129032258064516,0.0,0.0032258064516129032,0.0032258064516129032,0.0,21.717553259891123,1138.0,0.26537785588752194,27.75609756097561
322,0.05063291139240506,0.0189873417721519,0.45454545454545453,0.006329113924050633,0.002109704641350211,0.004219409282700422,0.0,0.002109704641350211,19.97883478750352,836.0,0.2535885167464115,24.58823529411765
323,0.05901116427432217,0.007974481658692184,0.7619047619047619,0.004784688995215311,0.0,0.009569377990430622,0.001594896331738437,0.001594896331738437,23.079958976271502,1129.0,0.27989371124889284,29.710526315789473
324,0.06020066889632107,0.008361204013377926,0.7560975609756098,0.005016722408026756,0.0016722408026755853,0.0033444816053511705,0.0016722408026755853,0.0,23.647238236935095,1132.0,0.29328621908127206,29.789473684210527
325,0.04884488448844884,0.015841584158415842,0.5102040816326531,0.006600660066006601,0.006600660066006601,0.0006600660066006601,0.0046204620462046205,0.0019801980198019802,19.63786295005807,2744.0,0.26785714285714285,22.308943089430894
326,0.049348230912476726,0.024208566108007448,0.34177215189873417,0.00931098696461825,0.002793296089385475,0.000931098696461825,0.004655493482309125,0.004655493482309125,20.247498921556122,1983.0,0.26727181038830056,23.89156626506024
327,0.05123152709359606,0.023645320197044337,0.3684210526315789,0.005911330049261084,0.006896551724137931,0.003940886699507389,0.005911330049261084,0.0009852216748768472,20.987438423645322,1827.0,0.270935960591133,25.375
328,0.05047619047619047,0.011428571428571429,0.6307692307692307,0.010476190476190476,0.005714285714285714,0.0019047619047619048,0.002857142857142857,0.005714285714285714,20.069971023333842,1975.0,0.26379746835443035,23.795180722891565
329,0.06824146981627296,0.030183727034120734,0.38666666666666666,0.013123359580052493,0.010498687664041995,0.0026246719160104987,0.006561679790026247,0.005249343832020997,21.42970101309612,1420.0,0.28661971830985916,24.912280701754387
330,0.05279265493496557,0.029839326702371844,0.2777777777777778,0.008416220351951033,0.0076511094108645756,0.0038255547054322878,0.006885998469778117,0.0022953328232593728,20.312874606823637,2386.0,0.2715842414082146,23.623762376237625
331,0.045180722891566265,0.02635542168674699,0.2631578947368421,0.0030120481927710845,0.00677710843373494,0.0007530120481927711,0.005271084337349397,0.0015060240963855422,18.898638428898654,2421.0,0.2523750516315572,22.009090909090908
332,0.0589041095890411,0.012328767123287671,0.6538461538461539,0.00684931506849315,0.0027397260273972603,0.0027397260273972603,0.0013698630136986301,0.00410958904109589,20.10165780722833,1329.0,0.28818660647103084,21.43548387096774
333,0.027091633466135457,0.019123505976095617,0.1724137931034483,0.005577689243027889,0.01195219123505976,0.0007968127490039841,0.0,0.0007968127490039841,20.126003822536703,2342.0,0.28010247651579845,22.304761904761904
334,0.041970802919708027,0.011861313868613138,0.559322033898305,0.0036496350364963502,0.002737226277372263,0.0,0.005474452554744526,0.0018248175182481751,20.062740756685837,2098.0,0.2759771210676835,22.559139784946236
335,0.04776119402985075,0.005970149253731343,0.7777777777777778,0.008955223880597015,0.005970149253731343,0.0,0.0029850746268656717,0.0014925373134328358,20.73977613977614,1221.0,0.29238329238329236,22.61111111111111
336,0.044921875,0.0078125,0.7037037037037037,0.0,0.005859375,0.0,0.001953125,0.0,19.21952459970261,947.0,0.28722280887011614,19.3265306122449
337,0.053497942386831275,0.0102880658436214,0.6774193548387096,0.00411522633744856,0.0,0.00205761316872428,0.0,0.0,21.420751959612062,965.0,0.28808290155440414,24.743589743589745
338,0.04484304932735426,0.011210762331838564,0.6,0.002242152466367713,0.008968609865470852,0.004484304932735426,0.0,0.0,20.90683624801272,850.0,0.29294117647058826,22.972972972972972
339,0.05486284289276808,0.00997506234413965,0.6923076923076923,0.0024937655860349127,0.0024937655860349127,0.0,0.0,0.0,22.64726775956284,732.0,0.337431693989071,22.875
340,0.0502092050209205,0.01882845188284519,0.45454545454545453,0.0,0.0020920502092050207,0.0,0.0020920502092050207,0.0,20.497199816381404,897.0,0.24860646599777034,26.38235294117647
341,0.07052896725440806,0.017632241813602016,0.6,0.0025188916876574307,0.0025188916876574307,0.0,0.0,0.0025188916876574307,21.68400130335614,792.0,0.2866161616161616,25.548387096774192
342,0.058165548098434,0.017897091722595078,0.5294117647058824,0.0022371364653243847,0.0022371364653243847,0.0,0.0044742729306487695,0.0,20.892020966802562,808.0,0.28465346534653463,23.764705882352942
343,0.08148148148148149,0.0049382716049382715,0.8857142857142857,0.007407407407407408,0.0049382716049382715,0.0,0.0,0.0024691358024691358,19.48870523415978,726.0,0.26721763085399447,22.0
344,0.05045871559633028,0.04128440366972477,0.1,0.0045871559633027525,0.0,0.006880733944954129,0.0022935779816513763,0.0022935779816513763,18.5088784746742,842.0,0.23515439429928742,22.756756756756758
345,0.05296610169491525,0.0211864406779661,0.42857142857142855,0.00423728813559322,0.00423728813559322,0.00423728813559322,0.0,0.0,19.094391244870042,860.0,0.22441860465116278,25.294117647058822
346,0.057692307692307696,0.016025641025641024,0.5652173913043478,0.01282051282051282,0.00641025641025641,0.0,0.009615384615384616,0.004807692307692308,17.162057686589357,1180.0,0.22203389830508474,20.70175438596491
347,0.04852686308492201,0.01559792027729636,0.5135135135135135,0.005199306759098787,0.010398613518197574,0.0,0.0034662045060658577,0.0,21.336597420650246,1126.0,0.2886323268206039,24.47826086956522
348,0.03406813627254509,0.02404809619238477,0.1724137931034483,0.004008016032064128,0.004008016032064128,0.008016032064128256,0.002004008016032064,0.002004008016032064,23.19496509129968,931.0,0.2889366272824919,29.09375
349,0.038929440389294405,0.0024330900243309003,0.8823529411764706,0.004866180048661801,0.014598540145985401,0.004866180048661801,0.0,0.0024330900243309003,23.42857142857143,800.0,0.3,28.571428571428573
350,0.054982817869415807,0.003436426116838488,0.8823529411764706,0.0,0.003436426116838488,0.003436426116838488,0.003436426116838488,0.0,22.285045296167247,574.0,0.32752613240418116,22.96
351,0.03854389721627409,0.027837259100642397,0.16129032258064516,0.006423982869379015,0.0021413276231263384,0.006423982869379015,0.006423982869379015,0.0,21.047290920461656,902.0,0.29490022172949004,23.128205128205128
352,0.0463258785942492,0.019169329073482427,0.4146341463414634,0.007987220447284345,0.006389776357827476,0.004792332268370607,0.004792332268370607,0.0,20.652658711217185,1257.0,0.2649164677804296,25.14
353,0.04899135446685879,0.04610951008645533,0.030303030303030304,0.012968299711815562,0.004322766570605188,0.002881844380403458,0.002881844380403458,0.001440922190201729,22.203065134099617,1305.0,0.31340996168582375,24.166666666666668
354,0.03551912568306011,0.02185792349726776,0.23809523809523808,0.01912568306010929,0.01092896174863388,0.00546448087431694,0.00273224043715847,0.00819672131147541,17.540599940599943,728.0,0.24175824175824176,19.675675675675677
355,0.04231311706629055,0.01763046544428773,0.4117647058823529,0.0014104372355430183,0.004231311706629055,0.003526093088857546,0.0028208744710860366,0.0007052186177715092,20.65638105492746,2683.0,0.26798360044726055,24.84259259259259
356,0.051351351351351354,0.010135135135135136,0.6703296703296703,0.006081081081081081,0.006756756756756757,0.002027027027027027,0.0033783783783783786,0.0013513513513513514,19.864928833547832,2837.0,0.2767007402185407,21.992248062015506
357,0.058823529411764705,0.006659267480577136,0.7966101694915254,0.004439511653718091,0.006659267480577136,0.003329633740288568,0.004439511653718091,0.0011098779134295228,23.265133495411437,1691.0,0.2684801892371378,31.314814814814813
358,0.06562054208273894,0.012838801711840228,0.6727272727272727,0.0028530670470756064,0.0014265335235378032,0.0,0.0014265335235378032,0.0,24.359790358723636,1317.0,0.2877752467729689,32.1219512195122
359,0.045584045584045586,0.010446343779677113,0.6271186440677966,0.006647673314339981,0.000949667616334283,0.000949667616334283,0.001899335232668566,0.002849002849002849,22.131017119838873,1986.0,0.27744209466263847,27.583333333333332
360,0.043869516310461196,0.015185601799775027,0.4857142857142857,0.0044994375703037125,0.0011248593925759281,0.001687289088863892,0.005061867266591676,0.0022497187851518562,20.73153506336753,3314.0,0.2531683765841883,26.512
361,0.053481894150417826,0.008356545961002786,0.7297297297297297,0.007799442896935933,0.001671309192200557,0.0011142061281337048,0.005013927576601671,0.0022284122562674096,21.860458971596202,3403.0,0.2556567734352042,29.085470085470085
362,0.07625272331154684,0.004357298474945534,0.8918918918918919,0.006535947712418301,0.008714596949891068,0.0,0.008714596949891068,0.002178649237472767,19.12646972224949,886.0,0.28555304740406323,19.26086956521739
363,0.05037783375314862,0.021410579345088162,0.40350877192982454,0.007556675062972292,0.006297229219143577,0.0012594458438287153,0.0,0.0012594458438287153,18.589115646258506,1568.0,0.2780612244897959,18.666666666666668
364,0.04424778761061947,0.02831858407079646,0.21951219512195122,0.0017699115044247787,0.008849557522123894,0.0017699115044247787,0.0017699115044247787,0.0,18.371202412363363,1137.0,0.27880386983289357,18.047619047619047
365,0.050434782608695654,0.019130434782608695,0.45,0.0034782608695652175,0.006956521739130435,0.0034782608695652175,0.0017391304347826088,0.0017391304347826088,18.124310776942355,1197.0,0.24310776942355888,21.0
366,0.042662116040955635,0.0034129692832764505,0.8518518518518519,0.0017064846416382253,0.008532423208191127,0.005119453924914676,0.0017064846416382253,0.0,18.376864782663798,1214.0,0.2726523887973641,18.676923076923078
367,0.029508196721311476,0.03114754098360656,-0.02702702702702703,0.006557377049180328,0.00819672131147541,0.00819672131147541,0.0,0.001639344262295082,19.2956289739434,1234.0,0.2925445705024311,18.984615384615385
368,0.03598971722365039,0.038560411311053984,-0.034482758620689655,0.007712082262210797,0.002570694087403599,0.0,0.0,0.0,17.093313594868,772.0,0.24352331606217617,18.38095238095238
369,0.04035087719298246,0.008771929824561403,0.6428571428571429,0.007017543859649123,0.0017543859649122807,0.0017543859649122807,0.0,0.0035087719298245615,19.629179107529964,1063.0,0.2596425211665099,23.108695652173914
370,0.056346749226006194,0.021671826625386997,0.4444444444444444,0.005572755417956657,0.0043343653250774,0.006811145510835914,0.0037151702786377707,0.001238390092879257,18.533957769135224,2932.0,0.24454297407912687,21.880597014925375
371,0.048554913294797684,0.012716763005780347,0.5849056603773585,0.006936416184971098,0.003468208092485549,0.004624277456647399,0.0023121387283236996,0.004624277456647399,20.36083028083028,1638.0,0.257020757020757,25.2
372,0.052262587635436585,0.018483110261312937,0.4774774774774775,0.010834926704907584,0.0031867431485022306,0.010197578075207138,0.0019120458891013384,0.0012746972594008922,18.230769230769234,3000.0,0.225,23.076923076923077
373,0.064030131826742,0.0018832391713747645,0.9428571428571428,0.0018832391713747645,0.007532956685499058,0.0,0.0018832391713747645,0.0018832391713747645,19.034753039606624,997.0,0.23269809428284854,24.317073170731707
374,0.07548701298701299,0.006493506493506494,0.8415841584158416,0.002435064935064935,0.003246753246753247,0.002435064935064935,0.006493506493506494,0.0008116883116883117,18.317220066120456,2319.0,0.24320827943078913,21.47222222222222
375,0.06997900629811056,0.02099370188943317,0.5384615384615384,0.009097270818754374,0.00489853044086774,0.008397480755773267,0.007697690692792162,0.0027991602519244225,17.76019154366301,2781.0,0.21790722761596548,22.609756097560975
376,0.0724269377382465,0.0241423125794155,0.5,0.014612452350698857,0.0025412960609911056,0.0063532401524777635,0.0038119440914866584,0.0044472681067344345,20.547437220502236,2907.0,0.2586859305125559,25.5
377,0.07510288065843622,0.02880658436213992,0.44554455445544555,0.009259259259259259,0.00823045267489712,0.012345679012345678,0.006172839506172839,0.00102880658436214,19.392081993009427,1818.0,0.2546754675467547,23.0126582278481
378,0.054267947993216506,0.016958733747880157,0.5238095238095238,0.005652911249293386,0.00395703787450537,0.0005652911249293386,0.0022611644997173543,0.0,19.853257863969567,3316.0,0.24125452352231605,25.50769230769231
379,0.054005074302283435,0.012323305545487495,0.6284153005464481,0.003986951794128307,0.003986951794128307,0.0025371511417180137,0.0014498006524102935,0.0007249003262051468,21.15468708186417,5133.0,0.24683421001363726,28.203296703296704
380,0.06452955870108243,0.011240632805995004,0.7032967032967034,0.005412156536219817,0.0033305578684429643,0.0008326394671107411,0.0020815986677768525,0.002497918401332223,19.99837714813471,4473.0,0.25553319919517103,24.442622950819672
381,0.07521895929933024,0.01287995878413189,0.7076023391812866,0.005667181865018032,0.0072127769191138585,0.0020607934054611026,0.00463678516228748,0.0010303967027305513,22.221227775266303,3766.0,0.24429102496016994,31.123966942148762
382,0.07862523540489642,0.010828625235404897,0.7578947368421053,0.00800376647834275,0.004708097928436911,0.0023540489642184556,0.007532956685499058,0.0023540489642184556,22.18228013029316,3991.0,0.247557003257329,30.7
383,0.09788980070339977,0.006447831184056272,0.8764044943820225,0.004689331770222743,0.004103165298944901,0.0017584994138335288,0.010550996483001172,0.0011723329425556857,21.38192475463468,3275.0,0.24213740458015268,29.241071428571427
384,0.06763285024154589,0.018357487922705314,0.5730337078651685,0.002898550724637681,0.003381642512077295,0.000966183574879227,0.007729468599033816,0.0,18.958456527792915,4104.0,0.21905458089668617,25.490683229813666
385,0.058823529411764705,0.014705882352941176,0.6,0.011948529411764705,0.0027573529411764708,0.001838235294117647,0.0027573529411764708,0.001838235294117647,20.594503816793896,2096.0,0.25286259541984735,26.2
